Epoch,Loss with Momentum and Decay,Loss with Momentum,Loss with Decay,Regular Loss
52,5.81449,5.81504,5.81503,5.81318
104,5.70489,5.70477,5.70561,5.70474
156,5.70439,5.70436,5.70531,5.70436
208,5.70391,5.70397,5.70504,5.70399
260,5.70346,5.70359,5.70478,5.70364
312,5.70303,5.70324,5.70452,5.7033
364,5.70262,5.7029,5.70428,5.70297
416,5.70225,5.70256,5.70404,5.70264
468,5.70187,5.70223,5.70381,5.70231
520,5.70151,5.70191,5.7036,5.702
572,5.70115,5.70157,5.70337,5.7017
624,5.70079,5.70125,5.70315,5.7014
676,5.70044,5.70091,5.70293,5.7011
728,5.70007,5.70058,5.70271,5.7008
780,5.6997,5.70023,5.70249,5.7005
832,5.69933,5.69991,5.70227,5.7002
884,5.69895,5.69956,5.70206,5.6999
936,5.69858,5.6992,5.70184,5.69961
988,5.69819,5.69883,5.70163,5.69932
1040,5.69778,5.69845,5.70141,5.699
1092,5.69736,5.69807,5.70119,5.69869
1144,5.69693,5.69766,5.70097,5.69838
1196,5.69652,5.69724,5.70074,5.69806
1248,5.69607,5.6968,5.70051,5.69774
1300,5.69561,5.69635,5.70028,5.69742
1352,5.69516,5.69589,5.70004,5.69709
1404,5.69466,5.69543,5.69978,5.69676
1456,5.69413,5.69492,5.69953,5.69642
1508,5.69361,5.69442,5.69926,5.69608
1560,5.69305,5.69388,5.69899,5.69571
1612,5.69248,5.69332,5.6987,5.6953
1664,5.6919,5.69277,5.69841,5.69492
1716,5.69129,5.69216,5.69811,5.69451
1768,5.69063,5.69154,5.6978,5.69409
1820,5.68995,5.6909,5.69748,5.69364
1872,5.68922,5.69024,5.69715,5.69319
1924,5.68846,5.68956,5.69679,5.69272
1976,5.68767,5.68883,5.69643,5.69223
2028,5.68683,5.68809,5.69604,5.69172
2080,5.68601,5.68725,5.69564,5.69118
2132,5.6851,5.68645,5.69524,5.69064
2184,5.68413,5.68554,5.69483,5.69005
2236,5.68312,5.68458,5.6944,5.68946
2288,5.68201,5.68362,5.69398,5.68882
2340,5.68081,5.68259,5.69353,5.68818
2392,5.67956,5.68149,5.69308,5.68747
2444,5.67818,5.68039,5.69261,5.68677
2496,5.67673,5.6792,5.69214,5.68605
2548,5.67513,5.67793,5.69163,5.68525
2600,5.67346,5.67662,5.69114,5.68446
2652,5.67159,5.67519,5.69058,5.68361
2704,5.66959,5.67364,5.69002,5.68267
2756,5.66731,5.67206,5.6894,5.68178
2808,5.6648,5.67035,5.6888,5.68082
2860,5.66204,5.66853,5.68811,5.67977
2912,5.65888,5.66665,5.68743,5.67869
2964,5.65541,5.66462,5.68673,5.67754
3016,5.65118,5.66257,5.68594,5.67635
3068,5.64641,5.66021,5.68515,5.6751
3120,5.64094,5.65771,5.68428,5.67369
3172,5.63467,5.65485,5.68333,5.67222
3224,5.62702,5.65173,5.68238,5.67056
3276,5.61765,5.64826,5.68132,5.6687
3328,5.6055,5.64441,5.68025,5.66675
3380,5.59007,5.64009,5.67907,5.6646
3432,5.56837,5.63534,5.67786,5.66234
3484,5.5365,5.62955,5.67654,5.65978
3536,5.49137,5.62299,5.67512,5.65697
3588,5.42928,5.61503,5.67356,5.65379
3640,5.36517,5.60535,5.67192,5.65006
3692,5.3095,5.5933,5.67017,5.64603
3744,5.25848,5.57803,5.66818,5.64133
3796,5.20773,5.55774,5.66601,5.6358
3848,5.13995,5.52973,5.66366,5.62891
3900,5.06505,5.48952,5.66101,5.62056
3952,4.99526,5.42691,5.65806,5.6094
4004,4.895,5.33528,5.65453,5.59525
4056,4.80648,5.22564,5.65064,5.57441
4108,4.72308,5.10161,5.6462,5.54687
4160,4.6798,4.99492,5.64118,5.50625
4212,4.57084,4.89576,5.63549,5.45711
4264,4.46776,4.79682,5.629,5.41009
4316,4.33033,4.73358,5.62128,5.37493
4368,4.2118,4.57031,5.61196,5.34578
4420,4.23235,4.4319,5.60043,5.31555
4472,4.08919,4.3513,5.58568,5.28777
4524,3.88766,4.31288,5.5656,5.24926
4576,3.69427,4.15955,5.53795,5.20426
4628,3.69486,4.18255,5.49819,5.14062
4680,3.50186,4.03658,5.43854,5.04658
4732,3.74096,4.10808,5.34868,4.92062
4784,3.68544,4.25376,5.23403,4.7601
4836,3.37919,3.78975,5.10302,4.60024
4888,3.3753,3.63905,4.96787,4.48751
4940,3.42063,3.54471,4.86889,4.35537
4992,3.37216,3.92127,4.74083,4.24124
5044,3.07344,3.81174,4.73096,4.26941
5096,2.89555,3.54725,4.65639,4.03656
5148,2.88529,3.40943,4.55064,4.04651
5200,2.6694,3.41952,4.49588,3.87517
5252,2.22454,3.54972,4.1237,3.919
5304,1.69326,2.87641,3.98268,3.87189
5356,1.43048,3.09939,3.92512,3.70737
5408,1.14661,3.19823,3.89307,3.55329
5460,0.990041,3.2683,3.85402,3.56386
5512,0.748485,3.22526,3.88298,3.33216
5564,0.660806,3.19863,3.90732,3.28747
5616,0.569831,2.74936,3.75032,3.37892
5668,1.06795,2.66588,3.84805,3.24579
5720,1.17538,2.59493,3.63796,3.15433
5772,0.898025,2.82306,3.66276,3.37885
5824,1.66316,3.22533,3.76,3.30496
5876,2.45128,2.5796,3.61224,3.27349
5928,1.14516,2.71752,3.63487,3.47396
5980,1.58094,2.12073,3.73299,3.02267
6032,1.57009,3.07602,3.57022,3.1443
6084,1.19727,2.9268,3.72304,3.17736
6136,2.0741,2.6992,3.39334,2.97932
6188,1.38515,2.52856,3.36732,2.96174
6240,0.883766,2.44981,3.47164,3.28425
6292,0.948695,2.3992,3.13141,2.72684
6344,1.17861,1.89741,3.48739,2.69994
6396,0.98241,2.09112,3.0229,2.56952
6448,0.508664,2.66919,3.19488,2.85154
6500,0.382925,2.34962,3.10675,2.89003
6552,0.577715,2.50916,3.10424,2.76621
6604,0.321494,2.23343,3.09666,2.76104
6656,0.420545,2.42998,2.98188,2.82382
6708,0.249003,2.42864,2.95024,2.80326
6760,0.227597,2.11763,2.62165,2.59951
6812,0.130632,2.13328,2.83064,2.76006
6864,0.117039,2.9421,2.83791,2.61777
6916,0.107151,1.31672,2.65284,3.16445
6968,0.102638,1.19024,2.56908,3.16542
7020,0.0987592,2.24628,2.3298,2.69127
7072,0.0955708,2.07695,2.21608,2.3965
7124,0.0926925,2.47282,2.45904,2.577
7176,0.0901642,2.53149,2.64804,2.98165
7228,0.0879892,1.90423,2.06519,2.41024
7280,0.0860432,2.17107,2.04318,3.06339
7332,0.0843241,1.95256,2.28012,2.67334
7384,0.082741,1.98631,1.75845,2.63678
7436,0.0813178,2.28102,1.69075,2.91162
7488,0.0799824,2.57341,2.49648,2.77264
7540,0.0787356,2.06258,2.43569,2.14172
7592,0.0775872,1.42461,1.86056,2.61434
7644,0.0762402,1.01055,1.64821,2.11892
7696,0.0755984,1.02575,2.1041,2.25258
7748,0.0744338,2.17102,2.47454,2.77477
7800,0.073856,1.4767,1.20703,2.11448
7852,0.0727467,2.28634,1.09518,1.88279
7904,0.0722667,2.21198,2.00647,2.51527
7956,0.0712773,1.40918,2.17175,1.73514
8008,0.0705659,1.07659,1.40308,2.47738
8060,0.0703097,1.0944,1.78743,2.38857
8112,0.0693824,2.84364,1.63821,1.95577
8164,0.0689938,3.11206,1.41424,2.4442
8216,0.0680711,3.09873,2.00964,2.16693
8268,0.0676148,1.91301,1.73174,2.84428
8320,0.0674497,2.27749,2.20408,2.79023
8372,0.0665667,1.46711,1.5646,1.79344
8424,0.0663995,2.07833,1.1481,2.03729
8476,0.0656245,1.85961,0.867676,1.90358
8528,0.0652392,1.20704,0.908901,2.27352
8580,0.0649749,0.530041,0.639441,1.7132
8632,0.0643265,0.344969,0.854225,1.47065
8684,0.0642539,0.360411,0.976773,1.98824
8736,0.0635765,0.861629,0.829225,2.61995
8788,0.0634679,2.41824,0.844691,2.5576
8840,0.0625186,1.40244,0.406951,2.68195
8892,0.0630355,1.2783,0.287467,1.51566
8944,0.0621792,2.12216,0.37966,1.55995
8996,0.0617391,1.80332,0.28227,1.4195
9048,0.0618032,1.62733,0.27846,2.0214
9100,0.0608482,1.65242,1.38673,1.57099
9152,0.0613049,2.38551,3.76795,1.17071
9204,0.060981,2.48624,1.32867,2.31332
9256,0.0607142,2.42558,1.17095,2.45797
9308,0.0601476,1.82568,0.796709,1.88485
9360,0.0591473,1.75076,0.453554,2.06791
9412,0.0604402,1.66337,1.49511,2.29923
9464,0.0594228,1.16406,1.97039,1.53101
9516,0.0589995,1.01822,0.70141,1.37463
9568,0.0591796,1.45331,0.371712,2.20335
9620,0.0582746,1.1033,0.201325,1.88538
9672,0.058786,1.45832,0.172552,1.63146
9724,0.0585243,1.11282,0.155543,2.21195
9776,0.0583653,0.709724,0.137989,1.45146
9828,0.0577951,0.548445,0.127303,2.6377
9880,0.0576067,0.740168,0.122209,3.12907
9932,0.0572564,0.497389,0.115224,1.78754
9984,0.0574471,2.29692,0.110292,1.24212
10036,0.0569051,2.35365,0.105989,2.02015
10088,0.0571503,2.01236,0.102297,1.66874
10140,0.0561707,1.78433,0.0998444,1.41272
10192,0.0571072,1.0005,0.0966752,1.2403
10244,0.0562728,0.392268,0.0941992,1.51742
10296,0.0565287,0.655688,0.0916265,1.25603
10348,0.0556462,0.804228,0.0907421,1.09797
10400,0.0557601,0.72678,0.0925336,0.909893
10452,0.0468537,1.57395,0.0682381,1.18616
10504,0.0453591,2.93629,0.064321,1.27373
10556,0.0449931,1.85098,0.0630073,1.48445
10608,0.0447792,1.87278,0.0620766,0.927745
10660,0.044574,2.02923,0.0618217,0.780889
10712,0.0446364,1.7587,0.0615277,0.481828
10764,0.0444953,1.86235,0.0613648,0.411917
10816,0.0447738,1.49559,0.0611707,0.331052
10868,0.0444332,1.32496,0.0610565,0.306255
10920,0.0447542,1.13932,0.0608805,0.23639
10972,0.0448616,0.908054,0.060777,0.221628
11024,0.0448649,0.398337,0.060597,0.269634
11076,0.0449233,0.498315,0.0607043,0.173882
11128,0.0449951,0.60319,0.0592381,1.85221
11180,0.0450471,0.704604,0.0606775,4.08948
11232,0.0451245,1.14489,0.0605616,2.63546
11284,0.0451836,0.855069,0.0599916,1.55613
11336,0.0452374,1.14284,0.0602749,1.11376
11388,0.0452914,1.1225,0.0600289,1.35092
11440,0.0453365,1.77264,0.0599038,0.733863
11492,0.0453786,1.25866,0.0597253,0.567165
11544,0.0454149,1.41853,0.0596581,0.679816
11596,0.0454469,0.847364,0.0637706,1.62685
11648,0.0454739,0.798087,0.0618953,2.784
11700,0.0454954,0.547089,0.0614029,3.51328
11752,0.0455153,0.416172,0.0611133,1.56082
11804,0.045527,1.4302,0.0608159,0.814694
11856,0.0455339,1.7244,0.0606126,0.430751
11908,0.0455358,1.49331,0.0603431,0.700429
11960,0.0455372,1.63945,0.0601645,0.654819
12012,0.0455304,0.724856,0.0598904,0.713091
12064,0.0455225,0.268103,0.0598609,1.10197
12116,0.0455087,0.138313,0.0596024,1.362
12168,0.0455034,0.112339,0.0594371,3.04368
12220,0.0454727,0.0962458,0.0592093,1.95214
12272,0.0452968,0.0933073,0.0590785,2.12109
12324,0.0454752,0.0844986,0.0588707,2.31147
12376,0.0454167,0.0844478,0.0586628,1.01389
12428,0.0453883,0.0823895,0.0586157,1.41644
12480,0.0453532,0.078784,0.0584244,1.41026
12532,0.0453027,0.0765746,0.0583032,0.734747
12584,0.045274,0.0745846,0.0581097,1.58212
12636,0.0452423,0.0726746,0.0579726,2.41051
12688,0.0451956,0.0711936,0.0577839,2.00349
12740,0.0451373,0.0700027,0.0576802,1.75158
12792,0.0451015,0.0688081,0.0574403,1.80661
12844,0.0450523,0.06642,0.0574635,2.57271
12896,0.0449918,0.0662693,0.0573032,2.25891
12948,0.0449525,0.0645295,0.0571213,2.51877
13000,0.0448961,0.0637879,0.0570259,1.93047
13052,0.0447878,0.0636763,0.056857,1.00938
13104,0.0447974,0.062383,0.0567256,0.901311
13156,0.0447351,0.0622327,0.0565995,1.56035
13208,0.0444668,0.0610898,0.0563742,1.21297
13260,0.0436988,0.0612923,0.0564567,0.645401
13312,0.0447828,0.0601455,0.0563026,0.337375
13364,0.0445835,0.0588115,0.0561359,0.236913
13416,0.0444972,0.0614291,0.0560092,0.207049
13468,0.0444187,0.058797,0.0558967,0.184969
13520,0.044441,0.0590265,0.0557663,0.166582
13572,0.0443231,0.057963,0.055662,0.145047
13624,0.0441957,0.0583987,0.0554405,0.133208
13676,0.0440579,0.0572691,0.0555263,0.120802
13728,0.0439464,0.0561217,0.055384,0.111328
13780,0.0438142,0.058813,0.0552224,0.102488
13832,0.043908,0.0564371,0.0550977,0.0986898
13884,0.0437912,0.056345,0.0550096,0.0938299
13936,0.0437052,0.0565492,0.0548897,0.0878638
13988,0.0431878,0.0553602,0.054775,0.0843939
14040,0.0435418,0.0552355,0.0546202,0.080652
14092,0.0434538,0.0560857,0.0544693,0.078488
14144,0.0433436,0.0545812,0.0544639,0.0763126
14196,0.0433005,0.0534546,0.054427,0.0738277
14248,0.0431847,0.0552845,0.0543095,0.0721399
14300,0.0430838,0.0541267,0.0541967,0.0712341
14352,0.0429735,0.0545372,0.0540414,0.0698303
14404,0.0428601,0.0523402,0.0539406,0.0683492
14456,0.0427606,0.0556045,0.0537947,0.0669474
14508,0.0426417,0.0538918,0.0537418,0.0666939
14560,0.0425215,0.0538762,0.0535438,0.0651015
14612,0.0424013,0.0516743,0.053636,0.0648859
14664,0.0404151,0.0545806,0.0534799,0.0636771
14716,0.0417661,0.0535358,0.0533666,0.0633885
14768,0.0424652,0.0531995,0.0532405,0.0626589
14820,0.042408,0.0522486,0.0531247,0.0612721
14872,0.0421981,0.0530439,0.0529921,0.0618974
14924,0.0419986,0.0527189,0.0529378,0.0604006
14976,0.0416475,0.0521924,0.0528371,0.0612417
15028,0.0415582,0.0504525,0.0527405,0.0592111
15080,0.0414565,0.053548,0.0525046,0.0592279
15132,0.0412766,0.0527892,0.0523962,0.0595426
15184,0.0411053,0.0521007,0.0525449,0.0579659
15236,0.0408641,0.049876,0.0524441,0.0580594
15288,0.040761,0.0527853,0.052341,0.058409
15340,0.0381637,0.0519191,0.0521579,0.0568604
15392,0.0390911,0.0516935,0.0521733,0.0569755
15444,0.0415215,0.0493747,0.052039,0.0573651
15496,0.0418788,0.0530329,0.0519311,0.0561163
15548,0.0413236,0.0518038,0.0517877,0.0567107
15600,0.0405072,0.0510501,0.0510322,0.0554266
15652,0.0276802,0.0488391,0.0409862,0.0554083
15704,0.0179345,0.0525698,0.0370949,0.0559599
15756,0.0171944,0.051568,0.03607,0.054861
15808,0.0166462,0.050579,0.0361906,0.0552589
15860,0.0164164,0.0486429,0.0357072,0.0544145
15912,0.0162918,0.052009,0.0367385,0.0545344
15964,0.0152568,0.0512295,0.0348906,0.0538135
16016,0.0154799,0.0501165,0.036379,0.054008
16068,0.0146591,0.0473225,0.035891,0.0541935
16120,0.0146698,0.0523411,0.0340713,0.0532081
16172,0.0136924,0.0484943,0.0355754,0.054762
16224,0.0140192,0.0490237,0.0354075,0.0527245
16276,0.0132185,0.0492281,0.0352691,0.0529899
16328,0.0134374,0.0493177,0.0351381,0.0538252
16380,0.0126601,0.0493395,0.0350101,0.0522729
16432,0.0128275,0.0493136,0.0349677,0.0526357
16484,0.0122336,0.0492548,0.0327176,0.0533852
16536,0.0122197,0.049174,0.0352138,0.0518239
16588,0.0115069,0.0491206,0.0345325,0.0522538
16640,0.0118057,0.0490173,0.034288,0.0530163
16692,0.0110593,0.0489717,0.0340763,0.0514431
16744,0.0112665,0.0488963,0.0338831,0.0524721
16796,0.0109876,0.0488066,0.033695,0.0514093
16848,0.0101274,0.0487656,0.0336483,0.0514639
16900,0.0104882,0.0486924,0.0335247,0.0514111
16952,0.0102247,0.0482355,0.033388,0.0513219
17004,0.00980727,0.0489019,0.0332407,0.0512236
17056,0.00979562,0.0486105,0.0311052,0.0511465
17108,0.00932125,0.0484833,0.0329044,0.0509282
17160,0.00935871,0.0483789,0.0328562,0.0509214
17212,0.0088342,0.0483076,0.0327752,0.0507419
17264,0.00894148,0.0482353,0.0326008,0.0507768
17316,0.00859996,0.0481659,0.0325187,0.0505094
17368,0.00858436,0.0481178,0.0323396,0.0504976
17420,0.00820912,0.0480414,0.0322546,0.0504535
17472,0.00821892,0.0479733,0.0320694,0.0502589
17524,0.00767713,0.0479098,0.0288368,0.0502646
17576,0.00789914,0.0478231,0.0322406,0.0501151
17628,0.00751262,0.0478122,0.0317244,0.0500923
17680,0.00756577,0.0465444,0.0316306,0.0499655
17732,0.00743716,0.0486556,0.0314822,0.0499426
17784,0.00717785,0.0478361,0.0312721,0.0497849
17836,0.00715149,0.0476173,0.0311657,0.0501333
17888,0.00688812,0.047522,0.0310105,0.0494205
17940,0.00687397,0.0472808,0.0307912,0.0503177
17992,0.0064876,0.0479212,0.0306682,0.0498022
18044,0.00669544,0.0475813,0.0305015,0.0492579
18096,0.00650908,0.0501857,0.0302658,0.0495842
18148,0.00624845,0.0444731,0.0301255,0.0500073
18200,0.00626693,0.0467899,0.0299406,0.0490357
18252,0.00623075,0.0392334,0.0296855,0.0494171
18304,0.00606512,0.0579958,0.0295264,0.0498909
18356,0.00575581,0.0513862,0.0293354,0.0488414
18408,0.00591417,0.0456687,0.0290597,0.0488154
18460,0.00580705,0.0462496,0.0288775,0.0492989
18512,0.00559576,0.0412911,0.0286689,0.049665
18564,0.00561487,0.0486272,0.0283653,0.048751
18616,0.00551977,0.0553607,0.0243114,0.048955
18668,0.005403,0.050453,0.0213353,0.0493409
18720,0.00515183,0.0417802,0.0252885,0.0483588
18772,0.00526848,0.0403723,0.0276883,0.0484576
18824,0.00518161,0.0491776,0.0276232,0.048473
18876,0.00492036,0.0495229,0.0272796,0.0484592
18928,0.00502895,0.0493709,0.0269934,0.0484151
18980,0.00494882,0.0527036,0.026707,0.0484135
19032,0.00484868,0.0450867,0.0263015,0.0483521
19084,0.00470029,0.0425504,0.0259739,0.0483356
19136,0.00477339,0.0461754,0.0256564,0.0482339
19188,0.00466899,0.0362403,0.0252139,0.0482615
19240,0.00447867,0.0516846,0.0247173,0.0481493
19292,0.00448834,0.0660353,0.0243722,0.0481775
19344,0.004521,0.0464727,0.0240533,0.0480815
19396,0.00446583,0.0448967,0.0236036,0.048049
19448,0.00440666,0.0511895,0.0231792,0.048011
19500,0.00431687,0.0448301,0.0204476,0.0480029
19552,0.00415964,0.0434736,0.0166832,0.0478825
19604,0.00418278,0.0423036,0.0167477,0.0487201
19656,0.00419355,0.0416905,0.0196076,0.0479215
19708,0.00414022,0.0413369,0.0209181,0.0481087
19760,0.00408776,0.042025,0.020855,0.0485401
19812,0.0040367,0.0418705,0.0204485,0.047343
19864,0.00398761,0.0476111,0.0198985,0.0474711
19916,0.00387512,0.0466522,0.0193381,0.0475402
19968,0.00377958,0.0427039,0.0188031,0.0475244
20020,0.00382849,0.0403269,0.0155172,0.047547
20072,0.0038052,0.0412658,0.0129502,0.0474781
20124,0.0037653,0.0464446,0.0124928,0.0475108
20176,0.00372217,0.0406452,0.0128509,0.0474223
20228,0.0036804,0.0466543,0.0116961,0.0474498
20280,0.00355534,0.0452718,0.014018,0.0473604
20332,0.00351542,0.0497205,0.0154972,0.0473897
20384,0.00346618,0.0378876,0.0154259,0.0472894
20436,0.00352963,0.0396385,0.0149876,0.0477896
20488,0.00348959,0.0479973,0.0145133,0.0470888
20540,0.00345112,0.0442868,0.0140052,0.0475149
20592,0.00336388,0.0491855,0.0134818,0.0473201
20644,0.00337397,0.037531,0.0130446,0.0469298
20696,0.00334066,0.0376478,0.0126027,0.047939
20748,0.00321663,0.0515434,0.0100702,0.0466153
20800,0.00322308,0.0488977,0.00904261,0.0472034
20852,0.00312797,0.0462985,0.00845747,0.0470964
20904,0.00302016,0.051954,0.00788357,0.0470498
20956,0.0029815,0.0221143,0.0077514,0.0470044
21008,0.00296506,0.0144876,0.00762733,0.0469709
21060,0.00294993,0.0731594,0.00754526,0.0469596
21112,0.00295875,0.0770013,0.00762359,0.0468664
21164,0.0029368,0.0256721,0.00733096,0.0469003
21216,0.00292287,0.0237905,0.00741113,0.0468539
21268,0.00292203,0.0197783,0.00719453,0.0468106
21320,0.00288598,0.0141167,0.00728496,0.0468144
21372,0.00288433,0.0104435,0.00704298,0.0467231
21424,0.00288379,0.00866538,0.0071051,0.0467718
21476,0.00285218,0.00776886,0.00701565,0.0466857
21528,0.00285466,0.00627103,0.00683342,0.0466644
21580,0.00285479,0.00491068,0.00692296,0.0466914
21632,0.00284331,0.00445395,0.00670367,0.0466157
21684,0.002818,0.00392171,0.0071565,0.0465911
21736,0.00281823,0.00344258,0.00659187,0.0465695
21788,0.0028069,0.00308653,0.00696778,0.0465639
21840,0.00276551,0.00277188,0.00648231,0.0465245
21892,0.00277218,0.00245232,0.00694456,0.0465264
21944,0.00277375,0.00232005,0.00638404,0.046439
21996,0.00276236,0.00211597,0.00684,0.0464878
22048,0.00275129,0.00194364,0.00640994,0.0464091
22100,0.00270985,0.00182115,0.00667789,0.0464366
22152,0.00272699,0.00169476,0.00631137,0.0463474
22204,0.00271688,0.00158944,0.00662718,0.046392
22256,0.00270643,0.00148818,0.00611562,0.0463093
22308,0.00269584,0.00140168,0.006549,0.0463182
22360,0.00268542,0.00131858,0.00621487,0.0462971
22412,0.00264227,0.0012509,0.00638262,0.0462495
22464,0.00266327,0.00118729,0.0060569,0.0462827
22516,0.00265328,0.00113097,0.00636264,0.0462154
22568,0.00264307,0.00107817,0.00596671,0.0462019
22620,0.00262716,0.0010297,0.00627662,0.0461818
22672,0.00260415,0.000984514,0.00597455,0.0466889
22724,0.00261402,0.000944564,0.0061291,0.0455599
22776,0.00260358,0.000906957,0.00585428,0.045944
22828,0.00257918,0.00087301,0.00605253,0.0474891
22880,0.0025823,0.000840725,0.00581817,0.0455385
22932,0.00257238,0.000810486,0.00599747,0.0459143
22984,0.00254502,0.000783494,0.00560587,0.0472806
23036,0.00255333,0.000756481,0.00594554,0.0456659
23088,0.00254341,0.000733607,0.00549316,0.04572
23140,0.00251529,0.000711413,0.00588248,0.0461489
23192,0.00252466,0.000690665,0.00569538,0.0471019
23244,0.00251515,0.000670674,0.00556942,0.0457119
23296,0.00248749,0.000652514,0.00567859,0.0459594
23348,0.00249644,0.000634915,0.00531855,0.0468407
23400,0.0024869,0.000618045,0.00568702,0.0453167
23452,0.00247012,0.000602569,0.00533393,0.0455564
23504,0.0024665,0.000587268,0.00558019,0.045666
23556,0.00245771,0.000572904,0.00535553,0.0457144
23608,0.00244926,0.000559277,0.00548474,0.0457326
23660,0.00241667,0.000546086,0.00509286,0.045769
23712,0.00243025,0.000533907,0.00547784,0.0457498
23764,0.00242207,0.000523885,0.00526139,0.0457523
23816,0.00241359,0.000510441,0.00530896,0.0457223
23868,0.002405,0.000501388,0.00496169,0.0457281
23920,0.00237289,0.000489166,0.00534444,0.0457074
23972,0.00238672,0.000481742,0.00516831,0.0456842
24024,0.00237875,0.000469589,0.00495738,0.0456798
24076,0.00237056,0.000462829,0.00522645,0.0456596
24128,0.00236221,0.00045426,0.0049286,0.0456417
24180,0.00234958,0.000443434,0.00514965,0.0456126
24232,0.00233827,0.000438438,0.00482471,0.0456167
24284,0.00233723,0.000427729,0.00508561,0.0455958
24336,0.00232912,0.000422977,0.00490874,0.0455779
24388,0.00229778,0.000414537,0.00498009,0.0455555
24440,0.00231183,0.000408425,0.00464893,0.0455515
24492,0.00230427,0.000399314,0.00498203,0.0455319
24544,0.0022965,0.000394948,0.00482981,0.0455151
24596,0.00228859,0.000386838,0.00482766,0.0454887
24648,0.00228104,0.000380982,0.00453751,0.0454929
24700,0.00225064,0.000376393,0.00486649,0.0454707
24752,0.00224193,0.000369686,0.00477044,0.0454544
24804,0.00225668,0.000362733,0.00445873,0.0454286
24856,0.00224942,0.000364098,0.00478487,0.0454327
24908,0.00224187,0.000352179,0.00462377,0.0454117
24960,0.00223441,0.000347471,0.00466004,0.0453953
25012,0.00222443,0.000341708,0.00435778,0.04538
25064,0.00221755,0.000337617,0.00466402,0.0453707
25116,0.00221049,0.000332626,0.00448343,0.0462738
25168,0.00220368,0.00032682,0.00456215,0.0449713
25220,0.0021821,0.000323173,0.00426032,0.0458443
25272,0.00218921,0.00032032,0.00456828,0.0449334
25324,0.00217949,0.000313009,0.00447763,0.0465627
25376,0.00217284,0.000310409,0.00423876,0.0449164
25428,0.002166,0.000305061,0.00446041,0.0451495
25480,0.00215515,0.00030459,0.00429308,0.0465847
25532,0.00215071,0.000297248,0.00438646,0.0448363
25584,0.00214418,0.000293026,0.00409803,0.044947
25636,0.00213758,0.000293367,0.00438221,0.0453232
25688,0.00211141,0.000286157,0.00428179,0.0464016
25740,0.00212305,0.000282262,0.00407568,0.0448503
25792,0.00211654,0.000278828,0.00429317,0.0450589
25844,0.00210988,0.000278943,0.00415814,0.0458801
25896,0.00210343,0.000272516,0.00421077,0.0444974
25948,0.00208064,0.000268919,0.00394915,0.0465154
26000,0.0020883,0.000268568,0.00421237,0.0446035
26052,0.00205266,0.000262989,0.00391449,0.0448049
26104,0.0020324,0.000259766,0.00381233,0.0462921
26156,0.00202363,0.00025739,0.0038691,0.0442711
26208,0.00202015,0.000256725,0.00380271,0.0458371
26260,0.0020187,0.000251532,0.00383443,0.0451447
26312,0.00201515,0.00024932,0.00377922,0.0450607
26364,0.00201161,0.000246017,0.00385273,0.0450509
26416,0.00200984,0.000246699,0.00374681,0.0450441
26468,0.00200991,0.000241464,0.00383362,0.0450274
26520,0.00200166,0.000238781,0.00372544,0.0450151
26572,0.00200191,0.00023873,0.00381535,0.0450057
26624,0.00200021,0.00023426,0.00370404,0.0449851
26676,0.00199792,0.000233576,0.00379756,0.0449758
26728,0.00198769,0.000229708,0.00370202,0.044968
26780,0.00198797,0.000228841,0.00377259,0.0449517
26832,0.00198819,0.000225406,0.00366696,0.0449369
26884,0.00198486,0.000225561,0.00375828,0.044931
26936,0.00198183,0.000221411,0.00366421,0.0449196
26988,0.00197897,0.00021921,0.00373877,0.0449072
27040,0.00197368,0.000219187,0.00366667,0.0448949
27092,0.00197271,0.000215451,0.00369408,0.0448788
27144,0.00196967,0.000213647,0.00366635,0.044873
27196,0.00196663,0.00021331,0.00365643,0.0448614
27248,0.00196363,0.000209845,0.00367554,0.0448501
27300,0.00195324,0.000209998,0.00358912,0.0448377
27352,0.00195023,0.00020647,0.00367607,0.0448226
27404,0.00195511,0.000204701,0.00358469,0.0448174
27456,0.00195212,0.000204771,0.00365922,0.0448055
27508,0.00194916,0.000201239,0.00358519,0.0447901
27560,0.00194608,0.000199661,0.00363614,0.0447851
27612,0.0019431,0.000199895,0.00353519,0.0447732
27664,0.0019402,0.000196375,0.00362562,0.0447634
27716,0.00193717,0.000196079,0.00356925,0.0447505
27768,0.00193422,0.000193249,0.00357564,0.0447368
27820,0.00193129,0.000192468,0.00349987,0.0447347
27872,0.00192651,0.000190052,0.00359637,0.0447203
27924,0.00192555,0.000190134,0.00357163,0.0447104
27976,0.00192284,0.000187199,0.00347847,0.0447362
28028,0.00191772,0.000185811,0.0035685,0.0446802
28080,0.00191692,0.00018553,0.00352624,0.0446655
28132,0.00191442,0.000182965,0.00346788,0.0446627
28184,0.00191109,0.000182889,0.00353815,0.0446632
28236,0.00190821,0.000180219,0.0034854,0.0446838
28288,0.00190557,0.000178937,0.00351186,0.0446292
28340,0.0019007,0.000179002,0.00342466,0.0446444
28392,0.00189973,0.000176297,0.00350703,0.0446183
28444,0.00189724,0.000176008,0.00346769,0.0446047
28496,0.00188931,0.000173803,0.00341167,0.0445945
28548,0.00189139,0.000172553,0.00348039,0.0445905
28600,0.00188859,0.00017226,0.0034113,0.0445899
28652,0.00188578,0.000169984,0.00346256,0.0445626
28704,0.00187829,0.000170032,0.00338041,0.0445969
28756,0.00188052,0.000167801,0.00344861,0.0445334
28808,0.00187084,0.000166602,0.00340637,0.044549
28860,0.00187485,0.000166564,0.00342194,0.0445363
28912,0.00187207,0.000164254,0.00334083,0.0443804
28964,0.0018693,0.00016376,0.00341663,0.0446905
29016,0.00186683,0.000162003,0.00338417,0.0445108
29068,0.00186372,0.000161887,0.00331296,0.0445028
29120,0.00186097,0.000159823,0.00339792,0.0444932
29172,0.00185838,0.00016002,0.00337824,0.0444874
29224,0.00185358,0.000157755,0.00329242,0.0444732
29276,0.00185286,0.000157822,0.00337429,0.0444568
29328,0.00185041,0.000155828,0.00333754,0.0444592
29380,0.00184734,0.000155885,0.00332333,0.0444371
29432,0.00184463,0.000153827,0.00333846,0.0444377
29484,0.00184215,0.000153766,0.00325795,0.0444344
29536,0.0018324,0.000151998,0.00333523,0.0444192
29588,0.00182946,0.000151864,0.00331725,0.0443401
29640,0.00183432,0.000150011,0.00323479,0.0444696
29692,0.00183164,0.000150083,0.0033122,0.0443973
29744,0.00182903,0.000148258,0.00327758,0.0443775
29796,0.00182624,0.000148192,0.00327291,0.0443818
29848,0.00182359,0.000146551,0.00321866,0.0444114
29900,0.00182093,0.000146539,0.00328085,0.0443054
29952,0.0018183,0.000144751,0.00324335,0.0443926
30004,0.00181565,0.000144689,0.00325149,0.0443441
30056,0.00181299,0.000143127,0.00317794,0.0443244
30108,0.0018087,0.000143118,0.00325525,0.0443329
30160,0.00180789,0.000141427,0.00323802,0.0443188
30212,0.00180535,0.000141338,0.00315758,0.044289
30264,0.00180083,0.000139856,0.00323482,0.0443265
30316,0.00180009,0.000139745,0.00321753,0.0442944
30368,0.00179781,0.000138187,0.00313563,0.044237
30420,0.00179498,0.000138252,0.00321268,0.0443221
30472,0.00179231,0.00013671,0.00317979,0.0442681
30524,0.00178995,0.00013661,0.00315924,0.0442611
30576,0.00178549,0.000135168,0.00318344,0.0442626
30628,0.00178472,0.000135255,0.00310234,0.0443158
30680,0.00178253,0.00013369,0.00318009,0.0441705
30732,0.00177956,0.00013367,0.00316309,0.0442538
30784,0.00177702,0.000132311,0.00312524,0.044233
30836,0.00177483,0.000132319,0.00314639,0.0442026
30888,0.001768,0.000130856,0.0030719,0.044216
30940,0.00176965,0.000130808,0.00314385,0.0442003
30992,0.00176714,0.000129522,0.00312799,0.0441925
31044,0.0017647,0.000129427,0.00305013,0.0441095
31096,0.00175802,0.000128075,0.00312355,0.0442571
31148,0.00176001,0.000128227,0.00309239,0.0441353
31200,0.0017573,0.000126861,0.00309442,0.0441889
31252,0.00174466,0.000126733,0.00301476,0.0441594
31304,0.00173782,0.000125466,0.00299874,0.044115
31356,0.00173408,0.000125591,0.00302117,0.0441864
31408,0.00173263,0.000124209,0.00298661,0.043912
31460,0.00173152,0.000124203,0.00301603,0.0458935
31512,0.00172959,0.000123024,0.00298513,0.0401846
31564,0.00172984,0.00012304,0.00300852,0.0458782
31616,0.00172987,0.000121755,0.00297884,0.0413905
31668,0.00172738,0.000121724,0.00300133,0.0432051
31720,0.00172751,0.00012086,0.00297871,0.0504445
31772,0.00172619,0.000119947,0.0029838,0.0418433
31824,0.00172496,0.000120068,0.00297836,0.0470758
31876,0.00172384,0.000118788,0.00298745,0.0406278
31928,0.00172259,0.000118881,0.00295588,0.0436746
31980,0.00172143,0.000117727,0.00298389,0.0436904
32032,0.00171898,0.000117619,0.00295355,0.0486537
32084,0.00171916,0.000116599,0.00297803,0.0400302
32136,0.0017179,0.000116519,0.00296008,0.0450022
32188,0.00171667,0.000115435,0.00296012,0.0446437
32240,0.00171563,0.00011553,0.00294683,0.048444
32292,0.00171244,0.000114367,0.00296471,0.039329
32344,0.00171325,0.000114368,0.00293614,0.0462696
32396,0.00171204,0.000113591,0.00295927,0.0471663
32448,0.00171101,0.000113062,0.00292929,0.0420454
32500,0.0017073,0.000112265,0.00295377,0.0432239
32552,0.00170863,0.000112376,0.00292896,0.0419384
32604,0.00170741,0.00011131,0.00294669,0.0508704
32656,0.00170624,0.00011124,0.0029119,0.0398266
32708,0.0017051,0.000110246,0.0029432,0.0428351
32760,0.00170388,0.000110343,0.00293651,0.0497618
32812,0.00170278,0.000109275,0.00290418,0.0405868
32864,0.00170083,0.000109346,0.00293378,0.0428095
32916,0.00170044,0.000108307,0.00292063,0.0432146
32968,0.00169932,0.00010832,0.00289959,0.0451637
33020,0.00169811,0.000107721,0.00292432,0.0503826
33072,0.00169698,0.000106919,0.00290948,0.0403782
33124,0.00169388,0.000106903,0.00290958,0.0395972
33176,0.00169475,0.000106028,0.00288288,0.0457735
33228,0.00169355,0.000105906,0.00291348,0.0481306
33280,0.00169243,0.000105298,0.00290707,0.0389999
33332,0.0016913,0.000104947,0.00287497,0.041029
33384,0.0016901,0.000104202,0.00290448,0.0486515
33436,0.00168899,0.000104215,0.00289158,0.0403436
33488,0.00168711,0.000103331,0.00288298,0.0410583
33540,0.00168666,0.000103299,0.00289231,0.0545168
33592,0.00168559,0.000102504,0.00286113,0.0410381
33644,0.0016844,0.000102384,0.00288981,0.0432095
33696,0.00168327,0.000101606,0.00288365,0.0424822
33748,0.00168032,0.000101651,0.00285242,0.0427793
33800,0.00168143,0.00010077,0.00288066,0.042102
33852,0.00167724,0.000100823,0.00286832,0.0431184
33904,0.00167887,9.99E-05,0.00286018,0.0432618
33956,0.00167768,1.00E-04,0.00286659,0.0434403
34008,0.00167659,9.94E-05,0.00283774,0.043552
34060,0.00167545,9.90E-05,0.00286693,0.0436259
34112,0.00167429,9.84E-05,0.0028609,0.0436746
34164,0.00167322,9.84E-05,0.00282981,0.0437193
34216,0.00167128,9.76E-05,0.00285851,0.0437573
34268,0.00167093,9.76E-05,0.00285253,0.0437388
34320,0.00166986,9.69E-05,0.00282091,0.0437299
34372,0.00166869,9.68E-05,0.00284965,0.0437411
34424,0.00166757,9.61E-05,0.00283755,0.0437096
34476,0.0016646,9.61E-05,0.00282952,0.0436653
34528,0.00166557,9.53E-05,0.00283587,0.0436608
34580,0.00166147,9.53E-05,0.00280655,0.0436782
34632,0.00166325,9.46E-05,0.00283675,0.0436478
34684,0.00166209,9.46E-05,0.00283077,0.0436228
34736,0.00166097,9.39E-05,0.00280416,0.0436167
34788,0.00165989,9.38E-05,0.00282628,0.0436363
34840,0.00165873,9.32E-05,0.0028102,0.0436041
34892,0.00165764,9.31E-05,0.00281882,0.0435743
34944,0.00165655,9.25E-05,0.00278847,0.0435538
34996,0.0016554,9.25E-05,0.00281655,0.0435837
35048,0.00165434,9.18E-05,0.00280451,0.0435528
35100,0.00165249,9.17E-05,0.00279937,0.0435165
35152,0.0016521,9.11E-05,0.00280191,0.0435145
35204,0.00165106,9.11E-05,0.00277459,0.0434471
35256,0.00164991,9.04E-05,0.00280275,0.0435829
35308,0.00164881,9.04E-05,0.00279712,0.0434977
35360,0.00164704,8.98E-05,0.00276655,0.0435136
35412,0.00164664,8.97E-05,0.00279489,0.0434759
35464,0.00164566,8.93E-05,0.00278926,0.0434227
35516,0.00164448,8.88E-05,0.00276897,0.0434456
35568,0.00164334,8.88E-05,0.00278425,0.0431598
35620,0.00164236,8.81E-05,0.00275814,0.0437418
35672,0.0016405,8.81E-05,0.00277998,0.0435691
35724,0.00164014,8.77E-05,0.00276907,0.0404371
35776,0.00163832,8.74E-05,0.00276134,0.0468966
35828,0.00163797,8.69E-05,0.00276967,0.0440688
35880,0.00163708,8.69E-05,0.00274079,0.0386527
35932,0.00163329,8.63E-05,0.00276708,0.034669
35984,0.00163481,8.63E-05,0.00275384,0.0310935
36036,0.00163368,8.57E-05,0.00275676,0.0772166
36088,0.00163264,8.57E-05,0.00272903,0.048752
36140,0.00163155,8.52E-05,0.00275741,0.0364713
36192,0.00163044,8.50E-05,0.00275137,0.0339633
36244,0.00162942,8.45E-05,0.00272155,0.0355565
36296,0.00162757,8.45E-05,0.00274882,0.0291761
36348,0.00162724,8.39E-05,0.00273736,0.0240248
36400,0.00162622,8.39E-05,0.00273821,0.0359803
36452,0.00162035,8.36E-05,0.00269894,3.70915
36504,0.00161754,8.31E-05,0.00271131,2.22353
36556,0.00161617,8.31E-05,0.00270387,2.8763
36608,0.00161546,8.25E-05,0.0027023,1.8589
36660,0.0016148,8.25E-05,0.00270157,2.2589
36712,0.0016149,8.20E-05,0.00269435,2.19302
36764,0.00161486,8.20E-05,0.00270404,2.60034
36816,0.0016138,8.14E-05,0.00269168,2.27869
36868,0.0016138,8.14E-05,0.00270141,1.74801
36920,0.00161222,8.10E-05,0.00268886,1.88053
36972,0.00161202,8.06E-05,0.00269878,1.49279
37024,0.00161225,8.06E-05,0.0026861,1.14913
37076,0.00161169,8.01E-05,0.00269608,0.919516
37128,0.00161113,8.00E-05,0.00268623,0.85087
37180,0.00161066,7.96E-05,0.00269328,1.60845
37232,0.00161011,7.95E-05,0.00267865,2.07968
37284,0.00160954,7.91E-05,0.00269178,2.51464
37336,0.00160855,7.91E-05,0.00268924,2.47905
37388,0.0016085,7.86E-05,0.00267508,1.87106
37440,0.00160803,7.85E-05,0.00268775,1.50387
37492,0.00160748,7.82E-05,0.0026824,0.828078
37544,0.00160695,7.78E-05,0.00267883,0.494588
37596,0.00160589,7.78E-05,0.0026816,0.390209
37648,0.00160594,7.73E-05,0.00266871,0.299272
37700,0.00160541,7.73E-05,0.00268156,0.346125
37752,0.00160486,7.69E-05,0.00267906,0.240624
37804,0.00160439,7.66E-05,0.00266514,0.158274
37856,0.00160349,7.66E-05,0.0026778,0.126668
37908,0.00160334,7.61E-05,0.00267241,0.104023
37960,0.00160282,7.61E-05,0.00266878,0.0898649
38012,0.00160227,7.58E-05,0.00267278,0.0837252
38064,0.00160179,7.54E-05,0.00265899,0.0718407
38116,0.00160091,7.54E-05,0.00267153,0.0599478
38168,0.00160074,7.49E-05,0.00266907,0.0671565
38220,0.00160023,7.49E-05,0.00265511,0.0662924
38272,0.00159968,7.46E-05,0.00266763,0.0563712
38324,0.0015992,7.43E-05,0.00266235,0.0581083
38376,0.00159784,7.43E-05,0.00265885,0.0553902
38428,0.00159819,7.39E-05,0.00266164,0.0603428
38480,0.00159764,7.38E-05,0.00264868,0.0424511
38532,0.00159714,7.34E-05,0.0026616,0.0612706
38584,0.00159662,7.34E-05,0.00265917,0.046021
38636,0.00159607,7.30E-05,0.00264509,0.0480074
38688,0.0015956,7.29E-05,0.00265793,0.0697066
38740,0.00159399,7.25E-05,0.0026554,0.0691361
38792,0.0015946,7.25E-05,0.00264389,0.0405713
38844,0.00159405,7.21E-05,0.00265319,0.046665
38896,0.00159353,7.21E-05,0.00264656,0.0575801
38948,0.00159269,7.18E-05,0.00264516,0.037697
39000,0.00159249,7.15E-05,0.00264515,0.0451105
39052,0.00159203,7.14E-05,0.00264377,0.0871062
39104,0.00159148,7.10E-05,0.00264028,0.0278255
39156,0.00159096,7.10E-05,0.00264514,0.0446956
39208,0.00159014,7.08E-05,0.0026317,0.0682649
39260,0.00158993,7.05E-05,0.00264377,0.0714882
39312,0.00158948,7.04E-05,0.00263838,0.0313508
39364,0.00158893,7.02E-05,0.00263492,0.0350993
39416,0.0015884,6.98E-05,0.0026375,0.0841346
39468,0.00158759,6.99E-05,0.0026255,1.10497
39520,0.00158739,6.95E-05,0.00263752,4.74836
39572,0.00158693,6.93E-05,0.00263207,3.47521
39624,0.00158639,6.93E-05,0.00262091,2.75083
39676,0.00158585,6.90E-05,0.00263426,2.18725
39728,0.00158455,6.87E-05,0.00263153,1.81169
39780,0.00158492,6.87E-05,0.0026176,1.33012
39832,0.00158345,6.83E-05,0.00263024,0.947187
39884,0.00158392,6.83E-05,0.0026278,1.11021
39936,0.00158338,6.81E-05,0.00262148,0.495932
39988,0.00158284,6.78E-05,0.00262012,0.326061
